"0","ukrlt <- q02_data %>%"
"0","  dplyr::mutate("
"0","    nx = dplyr::lead(x) - x,"
"0","    ax = nx / 2,"
"0","    qx ="
"0","      ((nx * mx) / (1 + (nx - ax) * mx)),"
"0","    px = 1 - qx"
"0","  )"
"0","l0 <- 100000"
"0","lx <- l0"
"0","x <- ukrlt$x"
"0","px <- ukrlt$px"
"0","for (a in x[-length(x)]) {"
"0","  l <- lx[which(x == a)] * px[which(x == a)]"
"0","  lx <- c(lx, l)"
"0","}"
"0","ukrlt <- ukrlt %>%"
"0","  dplyr::mutate("
"0","    lx = lx,"
"0","    dx = lx * qx,"
"0","    Lx = dplyr::case_when("
"0","      qx != 1 ~ nx * dplyr::lead(lx) + ax * dx, # Everything but open interval"
"0","      qx == 1 ~ lx / mx # Open-interval formula"
"0","    ),"
"0","     Tx = rev(Lx) %>% # Reverse person-years column so sum back to x = 0"
"0","      dplyr::coalesce(0) %>% # Replace the missing value in the open interval"
"0","      cumsum() %>% # so can take the cumulative sum of person-years"
"0","      rev(),"
"0","    ex = Tx/lx"
"0","  )"
