{"chunk_definitions":[{"row":20,"row_count":1,"visible":true,"expansion_state":0,"options":{"engine":"r","label":"unnamed-chunk-27"},"document_id":"240C03D7","chunk_id":"cdu6rdisqyofg","chunk_label":"unnamed-chunk-1"},{"row":28,"row_count":1,"visible":true,"expansion_state":0,"options":{"engine":"r","label":"q01_data"},"document_id":"240C03D7","chunk_id":"cthcp8ce49fd3","chunk_label":"q01_data"},{"row":129,"row_count":1,"visible":true,"expansion_state":0,"options":{"engine":"r","label":"unnamed-chunk-34"},"document_id":"240C03D7","chunk_id":"cd4vo3mrdmhax","chunk_label":"unnamed-chunk-8"},{"row":141,"row_count":1,"visible":true,"expansion_state":0,"options":{"engine":"r","label":"unnamed-chunk-35"},"document_id":"240C03D7","chunk_id":"c722ygpyr1uvb","chunk_label":"unnamed-chunk-9"}],"doc_write_time":1643425549}